"File","Status"
"C:\Users\elric\omega-project\apps\omega-ui\tests\app.test.ts","NOT_IN_BASELINE"
"C:\Users\elric\omega-project\apps\omega-ui\tests\charts.test.ts","NOT_IN_BASELINE"
"C:\Users\elric\omega-project\apps\omega-ui\tests\core.test.ts","NOT_IN_BASELINE"
"C:\Users\elric\omega-project\apps\omega-ui\tests\dashboard.test.ts","NOT_IN_BASELINE"
"C:\Users\elric\omega-project\apps\omega-ui\tests\history.test.ts","NOT_IN_BASELINE"
"C:\Users\elric\omega-project\apps\omega-ui\tests\input.test.ts","NOT_IN_BASELINE"
"C:\Users\elric\omega-project\apps\omega-ui\tests\ipc.test.ts","NOT_IN_BASELINE"
"C:\Users\elric\omega-project\apps\omega-ui\tests\layout.test.ts","NOT_IN_BASELINE"
"C:\Users\elric\omega-project\apps\omega-ui\tests\notifications.test.ts","NOT_IN_BASELINE"
"C:\Users\elric\omega-project\apps\omega-ui\tests\settings.test.ts","NOT_IN_BASELINE"
"C:\Users\elric\omega-project\apps\omega-ui\tests\stores.test.ts","NOT_IN_BASELINE"
"C:\Users\elric\omega-project\apps\omega-ui\tests\theme.test.ts","NOT_IN_BASELINE"
"C:\Users\elric\omega-project\apps\omega-ui\tests\views.test.ts","NOT_IN_BASELINE"
"C:\Users\elric\omega-project\gateway\chaos\tests\behavior.test.ts","NOT_IN_BASELINE"
"C:\Users\elric\omega-project\gateway\chaos\tests\experiments.test.ts","NOT_IN_BASELINE"
"C:\Users\elric\omega-project\gateway\chaos\tests\faults.test.ts","NOT_IN_BASELINE"
"C:\Users\elric\omega-project\gateway\chaos\tests\injection.test.ts","NOT_IN_BASELINE"
"C:\Users\elric\omega-project\gateway\facade\tests\unit\rate-limit.test.ts","NOT_IN_BASELINE"
"C:\Users\elric\omega-project\gateway\limiter\tests\fixed-window.test.ts","NOT_IN_BASELINE"
"C:\Users\elric\omega-project\gateway\limiter\tests\leaky-bucket.test.ts","NOT_IN_BASELINE"
"C:\Users\elric\omega-project\gateway\limiter\tests\sliding-window.test.ts","NOT_IN_BASELINE"
"C:\Users\elric\omega-project\gateway\limiter\tests\stats.test.ts","NOT_IN_BASELINE"
"C:\Users\elric\omega-project\gateway\limiter\tests\token-bucket.test.ts","NOT_IN_BASELINE"
"C:\Users\elric\omega-project\gateway\node_modules\zod\src\v3\tests\all-errors.test.ts","NOT_IN_BASELINE"
"C:\Users\elric\omega-project\gateway\node_modules\zod\src\v3\tests\anyunknown.test.ts","NOT_IN_BASELINE"
"C:\Users\elric\omega-project\gateway\node_modules\zod\src\v3\tests\array.test.ts","NOT_IN_BASELINE"
"C:\Users\elric\omega-project\gateway\node_modules\zod\src\v3\tests\async-parsing.test.ts","NOT_IN_BASELINE"
"C:\Users\elric\omega-project\gateway\node_modules\zod\src\v3\tests\async-refinements.test.ts","NOT_IN_BASELINE"
"C:\Users\elric\omega-project\gateway\node_modules\zod\src\v3\tests\base.test.ts","NOT_IN_BASELINE"
"C:\Users\elric\omega-project\gateway\node_modules\zod\src\v3\tests\bigint.test.ts","NOT_IN_BASELINE"
"C:\Users\elric\omega-project\gateway\node_modules\zod\src\v3\tests\branded.test.ts","NOT_IN_BASELINE"
"C:\Users\elric\omega-project\gateway\node_modules\zod\src\v3\tests\catch.test.ts","NOT_IN_BASELINE"
"C:\Users\elric\omega-project\gateway\node_modules\zod\src\v3\tests\coerce.test.ts","NOT_IN_BASELINE"
"C:\Users\elric\omega-project\gateway\node_modules\zod\src\v3\tests\complex.test.ts","NOT_IN_BASELINE"
"C:\Users\elric\omega-project\gateway\node_modules\zod\src\v3\tests\custom.test.ts","NOT_IN_BASELINE"
"C:\Users\elric\omega-project\gateway\node_modules\zod\src\v3\tests\date.test.ts","NOT_IN_BASELINE"
"C:\Users\elric\omega-project\gateway\node_modules\zod\src\v3\tests\deepmasking.test.ts","NOT_IN_BASELINE"
"C:\Users\elric\omega-project\gateway\node_modules\zod\src\v3\tests\default.test.ts","NOT_IN_BASELINE"
"C:\Users\elric\omega-project\gateway\node_modules\zod\src\v3\tests\description.test.ts","NOT_IN_BASELINE"
"C:\Users\elric\omega-project\gateway\node_modules\zod\src\v3\tests\discriminated-unions.test.ts","NOT_IN_BASELINE"
"C:\Users\elric\omega-project\gateway\node_modules\zod\src\v3\tests\enum.test.ts","NOT_IN_BASELINE"
"C:\Users\elric\omega-project\gateway\node_modules\zod\src\v3\tests\firstparty.test.ts","NOT_IN_BASELINE"
"C:\Users\elric\omega-project\gateway\node_modules\zod\src\v3\tests\firstpartyschematypes.test.ts","NOT_IN_BASELINE"
"C:\Users\elric\omega-project\gateway\node_modules\zod\src\v3\tests\function.test.ts","NOT_IN_BASELINE"
"C:\Users\elric\omega-project\gateway\node_modules\zod\src\v3\tests\generics.test.ts","NOT_IN_BASELINE"
"C:\Users\elric\omega-project\gateway\node_modules\zod\src\v3\tests\instanceof.test.ts","NOT_IN_BASELINE"
"C:\Users\elric\omega-project\gateway\node_modules\zod\src\v3\tests\intersection.test.ts","NOT_IN_BASELINE"
"C:\Users\elric\omega-project\gateway\node_modules\zod\src\v3\tests\language-server.test.ts","NOT_IN_BASELINE"
"C:\Users\elric\omega-project\gateway\node_modules\zod\src\v3\tests\literal.test.ts","NOT_IN_BASELINE"
"C:\Users\elric\omega-project\gateway\node_modules\zod\src\v3\tests\map.test.ts","NOT_IN_BASELINE"
"C:\Users\elric\omega-project\gateway\node_modules\zod\src\v3\tests\masking.test.ts","NOT_IN_BASELINE"
"C:\Users\elric\omega-project\gateway\node_modules\zod\src\v3\tests\mocker.test.ts","NOT_IN_BASELINE"
"C:\Users\elric\omega-project\gateway\node_modules\zod\src\v3\tests\nan.test.ts","NOT_IN_BASELINE"
"C:\Users\elric\omega-project\gateway\node_modules\zod\src\v3\tests\nativeEnum.test.ts","NOT_IN_BASELINE"
"C:\Users\elric\omega-project\gateway\node_modules\zod\src\v3\tests\nullable.test.ts","NOT_IN_BASELINE"
"C:\Users\elric\omega-project\gateway\node_modules\zod\src\v3\tests\number.test.ts","NOT_IN_BASELINE"
"C:\Users\elric\omega-project\gateway\node_modules\zod\src\v3\tests\object-augmentation.test.ts","NOT_IN_BASELINE"
"C:\Users\elric\omega-project\gateway\node_modules\zod\src\v3\tests\object-in-es5-env.test.ts","NOT_IN_BASELINE"
"C:\Users\elric\omega-project\gateway\node_modules\zod\src\v3\tests\object.test.ts","NOT_IN_BASELINE"
"C:\Users\elric\omega-project\gateway\node_modules\zod\src\v3\tests\optional.test.ts","NOT_IN_BASELINE"
"C:\Users\elric\omega-project\gateway\node_modules\zod\src\v3\tests\parseUtil.test.ts","NOT_IN_BASELINE"
"C:\Users\elric\omega-project\gateway\node_modules\zod\src\v3\tests\partials.test.ts","NOT_IN_BASELINE"
"C:\Users\elric\omega-project\gateway\node_modules\zod\src\v3\tests\pickomit.test.ts","NOT_IN_BASELINE"
"C:\Users\elric\omega-project\gateway\node_modules\zod\src\v3\tests\preprocess.test.ts","NOT_IN_BASELINE"
"C:\Users\elric\omega-project\gateway\node_modules\zod\src\v3\tests\primitive.test.ts","NOT_IN_BASELINE"
"C:\Users\elric\omega-project\gateway\node_modules\zod\src\v3\tests\promise.test.ts","NOT_IN_BASELINE"
"C:\Users\elric\omega-project\gateway\node_modules\zod\src\v3\tests\readonly.test.ts","NOT_IN_BASELINE"
"C:\Users\elric\omega-project\gateway\node_modules\zod\src\v3\tests\record.test.ts","NOT_IN_BASELINE"
"C:\Users\elric\omega-project\gateway\node_modules\zod\src\v3\tests\recursive.test.ts","NOT_IN_BASELINE"
"C:\Users\elric\omega-project\gateway\node_modules\zod\src\v3\tests\refine.test.ts","NOT_IN_BASELINE"
"C:\Users\elric\omega-project\gateway\node_modules\zod\src\v3\tests\safeparse.test.ts","NOT_IN_BASELINE"
"C:\Users\elric\omega-project\gateway\node_modules\zod\src\v3\tests\set.test.ts","NOT_IN_BASELINE"
"C:\Users\elric\omega-project\gateway\node_modules\zod\src\v3\tests\standard-schema.test.ts","NOT_IN_BASELINE"
"C:\Users\elric\omega-project\gateway\node_modules\zod\src\v3\tests\string.test.ts","NOT_IN_BASELINE"
"C:\Users\elric\omega-project\gateway\node_modules\zod\src\v3\tests\transformer.test.ts","NOT_IN_BASELINE"
"C:\Users\elric\omega-project\gateway\node_modules\zod\src\v3\tests\tuple.test.ts","NOT_IN_BASELINE"
"C:\Users\elric\omega-project\gateway\node_modules\zod\src\v3\tests\unions.test.ts","NOT_IN_BASELINE"
"C:\Users\elric\omega-project\gateway\node_modules\zod\src\v3\tests\validations.test.ts","NOT_IN_BASELINE"
"C:\Users\elric\omega-project\gateway\node_modules\zod\src\v3\tests\void.test.ts","NOT_IN_BASELINE"
"C:\Users\elric\omega-project\gateway\node_modules\zod\src\v4\classic\tests\anyunknown.test.ts","NOT_IN_BASELINE"
"C:\Users\elric\omega-project\gateway\node_modules\zod\src\v4\classic\tests\array.test.ts","NOT_IN_BASELINE"
"C:\Users\elric\omega-project\gateway\node_modules\zod\src\v4\classic\tests\assignability.test.ts","NOT_IN_BASELINE"
"C:\Users\elric\omega-project\gateway\node_modules\zod\src\v4\classic\tests\async-parsing.test.ts","NOT_IN_BASELINE"
"C:\Users\elric\omega-project\gateway\node_modules\zod\src\v4\classic\tests\async-refinements.test.ts","NOT_IN_BASELINE"
"C:\Users\elric\omega-project\gateway\node_modules\zod\src\v4\classic\tests\base.test.ts","NOT_IN_BASELINE"
"C:\Users\elric\omega-project\gateway\node_modules\zod\src\v4\classic\tests\bigint.test.ts","NOT_IN_BASELINE"
"C:\Users\elric\omega-project\gateway\node_modules\zod\src\v4\classic\tests\brand.test.ts","NOT_IN_BASELINE"
"C:\Users\elric\omega-project\gateway\node_modules\zod\src\v4\classic\tests\catch.test.ts","NOT_IN_BASELINE"
"C:\Users\elric\omega-project\gateway\node_modules\zod\src\v4\classic\tests\coalesce.test.ts","NOT_IN_BASELINE"
"C:\Users\elric\omega-project\gateway\node_modules\zod\src\v4\classic\tests\coerce.test.ts","NOT_IN_BASELINE"
"C:\Users\elric\omega-project\gateway\node_modules\zod\src\v4\classic\tests\continuability.test.ts","NOT_IN_BASELINE"
"C:\Users\elric\omega-project\gateway\node_modules\zod\src\v4\classic\tests\custom.test.ts","NOT_IN_BASELINE"
"C:\Users\elric\omega-project\gateway\node_modules\zod\src\v4\classic\tests\date.test.ts","NOT_IN_BASELINE"
"C:\Users\elric\omega-project\gateway\node_modules\zod\src\v4\classic\tests\datetime.test.ts","NOT_IN_BASELINE"
"C:\Users\elric\omega-project\gateway\node_modules\zod\src\v4\classic\tests\default.test.ts","NOT_IN_BASELINE"
"C:\Users\elric\omega-project\gateway\node_modules\zod\src\v4\classic\tests\description.test.ts","NOT_IN_BASELINE"
"C:\Users\elric\omega-project\gateway\node_modules\zod\src\v4\classic\tests\discriminated-unions.test.ts","NOT_IN_BASELINE"
"C:\Users\elric\omega-project\gateway\node_modules\zod\src\v4\classic\tests\enum.test.ts","NOT_IN_BASELINE"
"C:\Users\elric\omega-project\gateway\node_modules\zod\src\v4\classic\tests\error-utils.test.ts","NOT_IN_BASELINE"
"C:\Users\elric\omega-project\gateway\node_modules\zod\src\v4\classic\tests\file.test.ts","NOT_IN_BASELINE"
"C:\Users\elric\omega-project\gateway\node_modules\zod\src\v4\classic\tests\firstparty.test.ts","NOT_IN_BASELINE"
"C:\Users\elric\omega-project\gateway\node_modules\zod\src\v4\classic\tests\function.test.ts","NOT_IN_BASELINE"
"C:\Users\elric\omega-project\gateway\node_modules\zod\src\v4\classic\tests\generics.test.ts","NOT_IN_BASELINE"
"C:\Users\elric\omega-project\gateway\node_modules\zod\src\v4\classic\tests\instanceof.test.ts","NOT_IN_BASELINE"
"C:\Users\elric\omega-project\gateway\node_modules\zod\src\v4\classic\tests\intersection.test.ts","NOT_IN_BASELINE"
"C:\Users\elric\omega-project\gateway\node_modules\zod\src\v4\classic\tests\json.test.ts","NOT_IN_BASELINE"
"C:\Users\elric\omega-project\gateway\node_modules\zod\src\v4\classic\tests\lazy.test.ts","NOT_IN_BASELINE"
"C:\Users\elric\omega-project\gateway\node_modules\zod\src\v4\classic\tests\literal.test.ts","NOT_IN_BASELINE"
"C:\Users\elric\omega-project\gateway\node_modules\zod\src\v4\classic\tests\map.test.ts","NOT_IN_BASELINE"
"C:\Users\elric\omega-project\gateway\node_modules\zod\src\v4\classic\tests\nan.test.ts","NOT_IN_BASELINE"
"C:\Users\elric\omega-project\gateway\node_modules\zod\src\v4\classic\tests\nested-refine.test.ts","NOT_IN_BASELINE"
"C:\Users\elric\omega-project\gateway\node_modules\zod\src\v4\classic\tests\nonoptional.test.ts","NOT_IN_BASELINE"
"C:\Users\elric\omega-project\gateway\node_modules\zod\src\v4\classic\tests\nullable.test.ts","NOT_IN_BASELINE"
"C:\Users\elric\omega-project\gateway\node_modules\zod\src\v4\classic\tests\number.test.ts","NOT_IN_BASELINE"
"C:\Users\elric\omega-project\gateway\node_modules\zod\src\v4\classic\tests\object.test.ts","NOT_IN_BASELINE"
"C:\Users\elric\omega-project\gateway\node_modules\zod\src\v4\classic\tests\optional.test.ts","NOT_IN_BASELINE"
"C:\Users\elric\omega-project\gateway\node_modules\zod\src\v4\classic\tests\partial.test.ts","NOT_IN_BASELINE"
"C:\Users\elric\omega-project\gateway\node_modules\zod\src\v4\classic\tests\pickomit.test.ts","NOT_IN_BASELINE"
"C:\Users\elric\omega-project\gateway\node_modules\zod\src\v4\classic\tests\pipe.test.ts","NOT_IN_BASELINE"
"C:\Users\elric\omega-project\gateway\node_modules\zod\src\v4\classic\tests\prefault.test.ts","NOT_IN_BASELINE"
"C:\Users\elric\omega-project\gateway\node_modules\zod\src\v4\classic\tests\preprocess.test.ts","NOT_IN_BASELINE"
"C:\Users\elric\omega-project\gateway\node_modules\zod\src\v4\classic\tests\primitive.test.ts","NOT_IN_BASELINE"
"C:\Users\elric\omega-project\gateway\node_modules\zod\src\v4\classic\tests\promise.test.ts","NOT_IN_BASELINE"
"C:\Users\elric\omega-project\gateway\node_modules\zod\src\v4\classic\tests\prototypes.test.ts","NOT_IN_BASELINE"
"C:\Users\elric\omega-project\gateway\node_modules\zod\src\v4\classic\tests\readonly.test.ts","NOT_IN_BASELINE"
"C:\Users\elric\omega-project\gateway\node_modules\zod\src\v4\classic\tests\record.test.ts","NOT_IN_BASELINE"
"C:\Users\elric\omega-project\gateway\node_modules\zod\src\v4\classic\tests\recursive-types.test.ts","NOT_IN_BASELINE"
"C:\Users\elric\omega-project\gateway\node_modules\zod\src\v4\classic\tests\refine.test.ts","NOT_IN_BASELINE"
"C:\Users\elric\omega-project\gateway\node_modules\zod\src\v4\classic\tests\registries.test.ts","NOT_IN_BASELINE"
"C:\Users\elric\omega-project\gateway\node_modules\zod\src\v4\classic\tests\set.test.ts","NOT_IN_BASELINE"
"C:\Users\elric\omega-project\gateway\node_modules\zod\src\v4\classic\tests\standard-schema.test.ts","NOT_IN_BASELINE"
"C:\Users\elric\omega-project\gateway\node_modules\zod\src\v4\classic\tests\string-formats.test.ts","NOT_IN_BASELINE"
"C:\Users\elric\omega-project\gateway\node_modules\zod\src\v4\classic\tests\string.test.ts","NOT_IN_BASELINE"
"C:\Users\elric\omega-project\gateway\node_modules\zod\src\v4\classic\tests\stringbool.test.ts","NOT_IN_BASELINE"
"C:\Users\elric\omega-project\gateway\node_modules\zod\src\v4\classic\tests\template-literal.test.ts","NOT_IN_BASELINE"
"C:\Users\elric\omega-project\gateway\node_modules\zod\src\v4\classic\tests\to-json-schema.test.ts","NOT_IN_BASELINE"
"C:\Users\elric\omega-project\gateway\node_modules\zod\src\v4\classic\tests\transform.test.ts","NOT_IN_BASELINE"
"C:\Users\elric\omega-project\gateway\node_modules\zod\src\v4\classic\tests\tuple.test.ts","NOT_IN_BASELINE"
"C:\Users\elric\omega-project\gateway\node_modules\zod\src\v4\classic\tests\union.test.ts","NOT_IN_BASELINE"
"C:\Users\elric\omega-project\gateway\node_modules\zod\src\v4\classic\tests\validations.test.ts","NOT_IN_BASELINE"
"C:\Users\elric\omega-project\gateway\node_modules\zod\src\v4\classic\tests\void.test.ts","NOT_IN_BASELINE"
"C:\Users\elric\omega-project\gateway\node_modules\zod\src\v4\core\tests\locales\be.test.ts","NOT_IN_BASELINE"
"C:\Users\elric\omega-project\gateway\node_modules\zod\src\v4\core\tests\locales\ru.test.ts","NOT_IN_BASELINE"
"C:\Users\elric\omega-project\gateway\node_modules\zod\src\v4\core\tests\locales\tr.test.ts","NOT_IN_BASELINE"
"C:\Users\elric\omega-project\gateway\node_modules\zod\src\v4\mini\tests\assignability.test.ts","NOT_IN_BASELINE"
"C:\Users\elric\omega-project\gateway\node_modules\zod\src\v4\mini\tests\brand.test.ts","NOT_IN_BASELINE"
"C:\Users\elric\omega-project\gateway\node_modules\zod\src\v4\mini\tests\computed.test.ts","NOT_IN_BASELINE"
"C:\Users\elric\omega-project\gateway\node_modules\zod\src\v4\mini\tests\functions.test.ts","NOT_IN_BASELINE"
"C:\Users\elric\omega-project\gateway\node_modules\zod\src\v4\mini\tests\number.test.ts","NOT_IN_BASELINE"
"C:\Users\elric\omega-project\gateway\node_modules\zod\src\v4\mini\tests\object.test.ts","NOT_IN_BASELINE"
"C:\Users\elric\omega-project\gateway\node_modules\zod\src\v4\mini\tests\prototypes.test.ts","NOT_IN_BASELINE"
"C:\Users\elric\omega-project\gateway\node_modules\zod\src\v4\mini\tests\recursive-types.test.ts","NOT_IN_BASELINE"
"C:\Users\elric\omega-project\gateway\node_modules\zod\src\v4\mini\tests\string.test.ts","NOT_IN_BASELINE"
"C:\Users\elric\omega-project\gateway\quarantine\tests\inspect.test.ts","NOT_IN_BASELINE"
"C:\Users\elric\omega-project\gateway\quarantine\tests\list.test.ts","NOT_IN_BASELINE"
"C:\Users\elric\omega-project\gateway\quarantine\tests\purge.test.ts","NOT_IN_BASELINE"
"C:\Users\elric\omega-project\gateway\quarantine\tests\release.test.ts","NOT_IN_BASELINE"
"C:\Users\elric\omega-project\gateway\quarantine\tests\stats.test.ts","NOT_IN_BASELINE"
"C:\Users\elric\omega-project\gateway\resilience\tests\adversarial\grammar.test.ts","NOT_IN_BASELINE"
"C:\Users\elric\omega-project\gateway\resilience\tests\chaos\composition.test.ts","NOT_IN_BASELINE"
"C:\Users\elric\omega-project\gateway\resilience\tests\chaos\injector.test.ts","NOT_IN_BASELINE"
"C:\Users\elric\omega-project\gateway\resilience\tests\proof\proof.test.ts","NOT_IN_BASELINE"
"C:\Users\elric\omega-project\gateway\resilience\tests\temporal\temporal.test.ts","NOT_IN_BASELINE"
"C:\Users\elric\omega-project\gateway\sentinel\tests\patterns.test.ts","NOT_IN_BASELINE"
"C:\Users\elric\omega-project\gateway\sentinel\tests\payload.test.ts","NOT_IN_BASELINE"
"C:\Users\elric\omega-project\gateway\sentinel\tests\structure.test.ts","NOT_IN_BASELINE"
"C:\Users\elric\omega-project\gateway\src\creation\creation_layer_nasa\artifact_builder.test.ts","NOT_IN_BASELINE"
"C:\Users\elric\omega-project\gateway\src\creation\creation_layer_nasa\creation_engine.test.ts","NOT_IN_BASELINE"
"C:\Users\elric\omega-project\gateway\src\creation\creation_layer_nasa\creation_errors.test.ts","NOT_IN_BASELINE"
"C:\Users\elric\omega-project\gateway\src\creation\creation_layer_nasa\creation_request.test.ts","NOT_IN_BASELINE"
"C:\Users\elric\omega-project\gateway\src\creation\creation_layer_nasa\creation_types.test.ts","NOT_IN_BASELINE"
"C:\Users\elric\omega-project\gateway\src\creation\creation_layer_nasa\snapshot_context.test.ts","NOT_IN_BASELINE"
"C:\Users\elric\omega-project\gateway\src\creation\creation_layer_nasa\template_registry.test.ts","NOT_IN_BASELINE"
"C:\Users\elric\omega-project\gateway\src\memory\memory_layer_nasa\canonical_encode.test.ts","NOT_IN_BASELINE"
"C:\Users\elric\omega-project\gateway\src\memory\memory_layer_nasa\memory_decay.test.ts","NOT_IN_BASELINE"
"C:\Users\elric\omega-project\gateway\src\memory\memory_layer_nasa\memory_digest.test.ts","NOT_IN_BASELINE"
"C:\Users\elric\omega-project\gateway\src\memory\memory_layer_nasa\memory_engine.test.ts","NOT_IN_BASELINE"
"C:\Users\elric\omega-project\gateway\src\memory\memory_layer_nasa\memory_errors.test.ts","NOT_IN_BASELINE"
"C:\Users\elric\omega-project\gateway\src\memory\memory_layer_nasa\memory_hash.test.ts","NOT_IN_BASELINE"
"C:\Users\elric\omega-project\gateway\src\memory\memory_layer_nasa\memory_hybrid.test.ts","NOT_IN_BASELINE"
"C:\Users\elric\omega-project\gateway\src\memory\memory_layer_nasa\memory_index.test.ts","NOT_IN_BASELINE"
"C:\Users\elric\omega-project\gateway\src\memory\memory_layer_nasa\memory_query.test.ts","NOT_IN_BASELINE"
"C:\Users\elric\omega-project\gateway\src\memory\memory_layer_nasa\memory_snapshot.test.ts","NOT_IN_BASELINE"
"C:\Users\elric\omega-project\gateway\src\memory\memory_layer_nasa\memory_store.test.ts","NOT_IN_BASELINE"
"C:\Users\elric\omega-project\gateway\src\memory\memory_layer_nasa\memory_tiering.test.ts","NOT_IN_BASELINE"
"C:\Users\elric\omega-project\gateway\src\memory\memory_layer_nasa\memory_types.test.ts","NOT_IN_BASELINE"
"C:\Users\elric\omega-project\gateway\wiring\tests\anti_bypass_scanner.test.ts","NOT_IN_BASELINE"
"C:\Users\elric\omega-project\gateway\wiring\tests\canonical_json.test.ts","NOT_IN_BASELINE"
"C:\Users\elric\omega-project\gateway\wiring\tests\chronicle.test.ts","NOT_IN_BASELINE"
"C:\Users\elric\omega-project\gateway\wiring\tests\envelope.test.ts","NOT_IN_BASELINE"
"C:\Users\elric\omega-project\gateway\wiring\tests\gateway_adapter.test.ts","NOT_IN_BASELINE"
"C:\Users\elric\omega-project\gateway\wiring\tests\gateway_schemas.test.ts","NOT_IN_BASELINE"
"C:\Users\elric\omega-project\gateway\wiring\tests\id_factory.test.ts","NOT_IN_BASELINE"
"C:\Users\elric\omega-project\gateway\wiring\tests\memory_adapter.test.ts","NOT_IN_BASELINE"
"C:\Users\elric\omega-project\gateway\wiring\tests\policy.test.ts","NOT_IN_BASELINE"
"C:\Users\elric\omega-project\gateway\wiring\tests\proof_crystal.test.ts","NOT_IN_BASELINE"
"C:\Users\elric\omega-project\gateway\wiring\tests\query_adapter.test.ts","NOT_IN_BASELINE"
"C:\Users\elric\omega-project\gateway\wiring\tests\replay_cache.test.ts","NOT_IN_BASELINE"
"C:\Users\elric\omega-project\gateway\wiring\tests\replay_guard.test.ts","NOT_IN_BASELINE"
"C:\Users\elric\omega-project\gateway\wiring\tests\e2e\e2e_chain_memory.test.ts","NOT_IN_BASELINE"
"C:\Users\elric\omega-project\gateway\wiring\tests\e2e\e2e_chain_query.test.ts","NOT_IN_BASELINE"
"C:\Users\elric\omega-project\gateway\wiring\tests\e2e\e2e_replay_guard.test.ts","NOT_IN_BASELINE"
"C:\Users\elric\omega-project\genesis-forge\tests\drafter.test.ts","NOT_IN_BASELINE"
"C:\Users\elric\omega-project\genesis-forge\tests\emotion_bridge.test.ts","NOT_IN_BASELINE"
"C:\Users\elric\omega-project\genesis-forge\tests\j1_emotion_binding.test.ts","NOT_IN_BASELINE"
"C:\Users\elric\omega-project\genesis-forge\tests\omega_converter.test.ts","NOT_IN_BASELINE"
"C:\Users\elric\omega-project\genesis-forge\tests\prism.test.ts","NOT_IN_BASELINE"
"C:\Users\elric\omega-project\genesis-forge\tests\provider_claude.test.ts","NOT_IN_BASELINE"
"C:\Users\elric\omega-project\genesis-forge\tests\provider_factory.test.ts","NOT_IN_BASELINE"
"C:\Users\elric\omega-project\genesis-forge\tests\provider_gemini.test.ts","NOT_IN_BASELINE"
"C:\Users\elric\omega-project\genesis-forge\tests\provider_mock.test.ts","NOT_IN_BASELINE"
"C:\Users\elric\omega-project\nexus\ledger\tests\entityStore.test.ts","NOT_IN_BASELINE"
"C:\Users\elric\omega-project\nexus\ledger\tests\eventStore.test.ts","NOT_IN_BASELINE"
"C:\Users\elric\omega-project\nexus\tooling\tests\certification\certification.test.ts","NOT_IN_BASELINE"
"C:\Users\elric\omega-project\nexus\tooling\tests\core\core.test.ts","NOT_IN_BASELINE"
"C:\Users\elric\omega-project\nexus\tooling\tests\observatory\observatory.test.ts","NOT_IN_BASELINE"
"C:\Users\elric\omega-project\node_modules\zod\src\v3\tests\all-errors.test.ts","NOT_IN_BASELINE"
"C:\Users\elric\omega-project\node_modules\zod\src\v3\tests\anyunknown.test.ts","NOT_IN_BASELINE"
"C:\Users\elric\omega-project\node_modules\zod\src\v3\tests\array.test.ts","NOT_IN_BASELINE"
"C:\Users\elric\omega-project\node_modules\zod\src\v3\tests\async-parsing.test.ts","NOT_IN_BASELINE"
"C:\Users\elric\omega-project\node_modules\zod\src\v3\tests\async-refinements.test.ts","NOT_IN_BASELINE"
"C:\Users\elric\omega-project\node_modules\zod\src\v3\tests\base.test.ts","NOT_IN_BASELINE"
"C:\Users\elric\omega-project\node_modules\zod\src\v3\tests\bigint.test.ts","NOT_IN_BASELINE"
"C:\Users\elric\omega-project\node_modules\zod\src\v3\tests\branded.test.ts","NOT_IN_BASELINE"
"C:\Users\elric\omega-project\node_modules\zod\src\v3\tests\catch.test.ts","NOT_IN_BASELINE"
"C:\Users\elric\omega-project\node_modules\zod\src\v3\tests\coerce.test.ts","NOT_IN_BASELINE"
"C:\Users\elric\omega-project\node_modules\zod\src\v3\tests\complex.test.ts","NOT_IN_BASELINE"
"C:\Users\elric\omega-project\node_modules\zod\src\v3\tests\custom.test.ts","NOT_IN_BASELINE"
"C:\Users\elric\omega-project\node_modules\zod\src\v3\tests\date.test.ts","NOT_IN_BASELINE"
"C:\Users\elric\omega-project\node_modules\zod\src\v3\tests\deepmasking.test.ts","NOT_IN_BASELINE"
"C:\Users\elric\omega-project\node_modules\zod\src\v3\tests\default.test.ts","NOT_IN_BASELINE"
"C:\Users\elric\omega-project\node_modules\zod\src\v3\tests\description.test.ts","NOT_IN_BASELINE"
"C:\Users\elric\omega-project\node_modules\zod\src\v3\tests\discriminated-unions.test.ts","NOT_IN_BASELINE"
"C:\Users\elric\omega-project\node_modules\zod\src\v3\tests\enum.test.ts","NOT_IN_BASELINE"
"C:\Users\elric\omega-project\node_modules\zod\src\v3\tests\firstparty.test.ts","NOT_IN_BASELINE"
"C:\Users\elric\omega-project\node_modules\zod\src\v3\tests\firstpartyschematypes.test.ts","NOT_IN_BASELINE"
"C:\Users\elric\omega-project\node_modules\zod\src\v3\tests\function.test.ts","NOT_IN_BASELINE"
"C:\Users\elric\omega-project\node_modules\zod\src\v3\tests\generics.test.ts","NOT_IN_BASELINE"
"C:\Users\elric\omega-project\node_modules\zod\src\v3\tests\instanceof.test.ts","NOT_IN_BASELINE"
"C:\Users\elric\omega-project\node_modules\zod\src\v3\tests\intersection.test.ts","NOT_IN_BASELINE"
"C:\Users\elric\omega-project\node_modules\zod\src\v3\tests\language-server.test.ts","NOT_IN_BASELINE"
"C:\Users\elric\omega-project\node_modules\zod\src\v3\tests\literal.test.ts","NOT_IN_BASELINE"
"C:\Users\elric\omega-project\node_modules\zod\src\v3\tests\map.test.ts","NOT_IN_BASELINE"
"C:\Users\elric\omega-project\node_modules\zod\src\v3\tests\masking.test.ts","NOT_IN_BASELINE"
"C:\Users\elric\omega-project\node_modules\zod\src\v3\tests\mocker.test.ts","NOT_IN_BASELINE"
"C:\Users\elric\omega-project\node_modules\zod\src\v3\tests\nan.test.ts","NOT_IN_BASELINE"
"C:\Users\elric\omega-project\node_modules\zod\src\v3\tests\nativeEnum.test.ts","NOT_IN_BASELINE"
"C:\Users\elric\omega-project\node_modules\zod\src\v3\tests\nullable.test.ts","NOT_IN_BASELINE"
"C:\Users\elric\omega-project\node_modules\zod\src\v3\tests\number.test.ts","NOT_IN_BASELINE"
"C:\Users\elric\omega-project\node_modules\zod\src\v3\tests\object-augmentation.test.ts","NOT_IN_BASELINE"
"C:\Users\elric\omega-project\node_modules\zod\src\v3\tests\object-in-es5-env.test.ts","NOT_IN_BASELINE"
"C:\Users\elric\omega-project\node_modules\zod\src\v3\tests\object.test.ts","NOT_IN_BASELINE"
"C:\Users\elric\omega-project\node_modules\zod\src\v3\tests\optional.test.ts","NOT_IN_BASELINE"
"C:\Users\elric\omega-project\node_modules\zod\src\v3\tests\parseUtil.test.ts","NOT_IN_BASELINE"
"C:\Users\elric\omega-project\node_modules\zod\src\v3\tests\partials.test.ts","NOT_IN_BASELINE"
"C:\Users\elric\omega-project\node_modules\zod\src\v3\tests\pickomit.test.ts","NOT_IN_BASELINE"
"C:\Users\elric\omega-project\node_modules\zod\src\v3\tests\preprocess.test.ts","NOT_IN_BASELINE"
"C:\Users\elric\omega-project\node_modules\zod\src\v3\tests\primitive.test.ts","NOT_IN_BASELINE"
"C:\Users\elric\omega-project\node_modules\zod\src\v3\tests\promise.test.ts","NOT_IN_BASELINE"
"C:\Users\elric\omega-project\node_modules\zod\src\v3\tests\readonly.test.ts","NOT_IN_BASELINE"
"C:\Users\elric\omega-project\node_modules\zod\src\v3\tests\record.test.ts","NOT_IN_BASELINE"
"C:\Users\elric\omega-project\node_modules\zod\src\v3\tests\recursive.test.ts","NOT_IN_BASELINE"
"C:\Users\elric\omega-project\node_modules\zod\src\v3\tests\refine.test.ts","NOT_IN_BASELINE"
"C:\Users\elric\omega-project\node_modules\zod\src\v3\tests\safeparse.test.ts","NOT_IN_BASELINE"
"C:\Users\elric\omega-project\node_modules\zod\src\v3\tests\set.test.ts","NOT_IN_BASELINE"
"C:\Users\elric\omega-project\node_modules\zod\src\v3\tests\standard-schema.test.ts","NOT_IN_BASELINE"
"C:\Users\elric\omega-project\node_modules\zod\src\v3\tests\string.test.ts","NOT_IN_BASELINE"
"C:\Users\elric\omega-project\node_modules\zod\src\v3\tests\transformer.test.ts","NOT_IN_BASELINE"
"C:\Users\elric\omega-project\node_modules\zod\src\v3\tests\tuple.test.ts","NOT_IN_BASELINE"
"C:\Users\elric\omega-project\node_modules\zod\src\v3\tests\unions.test.ts","NOT_IN_BASELINE"
"C:\Users\elric\omega-project\node_modules\zod\src\v3\tests\validations.test.ts","NOT_IN_BASELINE"
"C:\Users\elric\omega-project\node_modules\zod\src\v3\tests\void.test.ts","NOT_IN_BASELINE"
"C:\Users\elric\omega-project\node_modules\zod\src\v4\classic\tests\anyunknown.test.ts","NOT_IN_BASELINE"
"C:\Users\elric\omega-project\node_modules\zod\src\v4\classic\tests\array.test.ts","NOT_IN_BASELINE"
"C:\Users\elric\omega-project\node_modules\zod\src\v4\classic\tests\assignability.test.ts","NOT_IN_BASELINE"
"C:\Users\elric\omega-project\node_modules\zod\src\v4\classic\tests\async-parsing.test.ts","NOT_IN_BASELINE"
"C:\Users\elric\omega-project\node_modules\zod\src\v4\classic\tests\async-refinements.test.ts","NOT_IN_BASELINE"
"C:\Users\elric\omega-project\node_modules\zod\src\v4\classic\tests\base.test.ts","NOT_IN_BASELINE"
"C:\Users\elric\omega-project\node_modules\zod\src\v4\classic\tests\bigint.test.ts","NOT_IN_BASELINE"
"C:\Users\elric\omega-project\node_modules\zod\src\v4\classic\tests\brand.test.ts","NOT_IN_BASELINE"
"C:\Users\elric\omega-project\node_modules\zod\src\v4\classic\tests\catch.test.ts","NOT_IN_BASELINE"
"C:\Users\elric\omega-project\node_modules\zod\src\v4\classic\tests\coalesce.test.ts","NOT_IN_BASELINE"
"C:\Users\elric\omega-project\node_modules\zod\src\v4\classic\tests\coerce.test.ts","NOT_IN_BASELINE"
"C:\Users\elric\omega-project\node_modules\zod\src\v4\classic\tests\continuability.test.ts","NOT_IN_BASELINE"
"C:\Users\elric\omega-project\node_modules\zod\src\v4\classic\tests\custom.test.ts","NOT_IN_BASELINE"
"C:\Users\elric\omega-project\node_modules\zod\src\v4\classic\tests\date.test.ts","NOT_IN_BASELINE"
"C:\Users\elric\omega-project\node_modules\zod\src\v4\classic\tests\datetime.test.ts","NOT_IN_BASELINE"
"C:\Users\elric\omega-project\node_modules\zod\src\v4\classic\tests\default.test.ts","NOT_IN_BASELINE"
"C:\Users\elric\omega-project\node_modules\zod\src\v4\classic\tests\description.test.ts","NOT_IN_BASELINE"
"C:\Users\elric\omega-project\node_modules\zod\src\v4\classic\tests\discriminated-unions.test.ts","NOT_IN_BASELINE"
"C:\Users\elric\omega-project\node_modules\zod\src\v4\classic\tests\enum.test.ts","NOT_IN_BASELINE"
"C:\Users\elric\omega-project\node_modules\zod\src\v4\classic\tests\error-utils.test.ts","NOT_IN_BASELINE"
"C:\Users\elric\omega-project\node_modules\zod\src\v4\classic\tests\file.test.ts","NOT_IN_BASELINE"
"C:\Users\elric\omega-project\node_modules\zod\src\v4\classic\tests\firstparty.test.ts","NOT_IN_BASELINE"
"C:\Users\elric\omega-project\node_modules\zod\src\v4\classic\tests\function.test.ts","NOT_IN_BASELINE"
"C:\Users\elric\omega-project\node_modules\zod\src\v4\classic\tests\generics.test.ts","NOT_IN_BASELINE"
"C:\Users\elric\omega-project\node_modules\zod\src\v4\classic\tests\instanceof.test.ts","NOT_IN_BASELINE"
"C:\Users\elric\omega-project\node_modules\zod\src\v4\classic\tests\intersection.test.ts","NOT_IN_BASELINE"
"C:\Users\elric\omega-project\node_modules\zod\src\v4\classic\tests\json.test.ts","NOT_IN_BASELINE"
"C:\Users\elric\omega-project\node_modules\zod\src\v4\classic\tests\lazy.test.ts","NOT_IN_BASELINE"
"C:\Users\elric\omega-project\node_modules\zod\src\v4\classic\tests\literal.test.ts","NOT_IN_BASELINE"
"C:\Users\elric\omega-project\node_modules\zod\src\v4\classic\tests\map.test.ts","NOT_IN_BASELINE"
"C:\Users\elric\omega-project\node_modules\zod\src\v4\classic\tests\nan.test.ts","NOT_IN_BASELINE"
"C:\Users\elric\omega-project\node_modules\zod\src\v4\classic\tests\nested-refine.test.ts","NOT_IN_BASELINE"
"C:\Users\elric\omega-project\node_modules\zod\src\v4\classic\tests\nonoptional.test.ts","NOT_IN_BASELINE"
"C:\Users\elric\omega-project\node_modules\zod\src\v4\classic\tests\nullable.test.ts","NOT_IN_BASELINE"
"C:\Users\elric\omega-project\node_modules\zod\src\v4\classic\tests\number.test.ts","NOT_IN_BASELINE"
"C:\Users\elric\omega-project\node_modules\zod\src\v4\classic\tests\object.test.ts","NOT_IN_BASELINE"
"C:\Users\elric\omega-project\node_modules\zod\src\v4\classic\tests\optional.test.ts","NOT_IN_BASELINE"
"C:\Users\elric\omega-project\node_modules\zod\src\v4\classic\tests\partial.test.ts","NOT_IN_BASELINE"
"C:\Users\elric\omega-project\node_modules\zod\src\v4\classic\tests\pickomit.test.ts","NOT_IN_BASELINE"
"C:\Users\elric\omega-project\node_modules\zod\src\v4\classic\tests\pipe.test.ts","NOT_IN_BASELINE"
"C:\Users\elric\omega-project\node_modules\zod\src\v4\classic\tests\prefault.test.ts","NOT_IN_BASELINE"
"C:\Users\elric\omega-project\node_modules\zod\src\v4\classic\tests\preprocess.test.ts","NOT_IN_BASELINE"
"C:\Users\elric\omega-project\node_modules\zod\src\v4\classic\tests\primitive.test.ts","NOT_IN_BASELINE"
"C:\Users\elric\omega-project\node_modules\zod\src\v4\classic\tests\promise.test.ts","NOT_IN_BASELINE"
"C:\Users\elric\omega-project\node_modules\zod\src\v4\classic\tests\prototypes.test.ts","NOT_IN_BASELINE"
"C:\Users\elric\omega-project\node_modules\zod\src\v4\classic\tests\readonly.test.ts","NOT_IN_BASELINE"
"C:\Users\elric\omega-project\node_modules\zod\src\v4\classic\tests\record.test.ts","NOT_IN_BASELINE"
"C:\Users\elric\omega-project\node_modules\zod\src\v4\classic\tests\recursive-types.test.ts","NOT_IN_BASELINE"
"C:\Users\elric\omega-project\node_modules\zod\src\v4\classic\tests\refine.test.ts","NOT_IN_BASELINE"
"C:\Users\elric\omega-project\node_modules\zod\src\v4\classic\tests\registries.test.ts","NOT_IN_BASELINE"
"C:\Users\elric\omega-project\node_modules\zod\src\v4\classic\tests\set.test.ts","NOT_IN_BASELINE"
"C:\Users\elric\omega-project\node_modules\zod\src\v4\classic\tests\standard-schema.test.ts","NOT_IN_BASELINE"
"C:\Users\elric\omega-project\node_modules\zod\src\v4\classic\tests\string-formats.test.ts","NOT_IN_BASELINE"
"C:\Users\elric\omega-project\node_modules\zod\src\v4\classic\tests\string.test.ts","NOT_IN_BASELINE"
"C:\Users\elric\omega-project\node_modules\zod\src\v4\classic\tests\stringbool.test.ts","NOT_IN_BASELINE"
"C:\Users\elric\omega-project\node_modules\zod\src\v4\classic\tests\template-literal.test.ts","NOT_IN_BASELINE"
"C:\Users\elric\omega-project\node_modules\zod\src\v4\classic\tests\to-json-schema.test.ts","NOT_IN_BASELINE"
"C:\Users\elric\omega-project\node_modules\zod\src\v4\classic\tests\transform.test.ts","NOT_IN_BASELINE"
"C:\Users\elric\omega-project\node_modules\zod\src\v4\classic\tests\tuple.test.ts","NOT_IN_BASELINE"
"C:\Users\elric\omega-project\node_modules\zod\src\v4\classic\tests\union.test.ts","NOT_IN_BASELINE"
"C:\Users\elric\omega-project\node_modules\zod\src\v4\classic\tests\validations.test.ts","NOT_IN_BASELINE"
"C:\Users\elric\omega-project\node_modules\zod\src\v4\classic\tests\void.test.ts","NOT_IN_BASELINE"
"C:\Users\elric\omega-project\node_modules\zod\src\v4\core\tests\locales\be.test.ts","NOT_IN_BASELINE"
"C:\Users\elric\omega-project\node_modules\zod\src\v4\core\tests\locales\ru.test.ts","NOT_IN_BASELINE"
"C:\Users\elric\omega-project\node_modules\zod\src\v4\core\tests\locales\tr.test.ts","NOT_IN_BASELINE"
"C:\Users\elric\omega-project\node_modules\zod\src\v4\mini\tests\assignability.test.ts","NOT_IN_BASELINE"
"C:\Users\elric\omega-project\node_modules\zod\src\v4\mini\tests\brand.test.ts","NOT_IN_BASELINE"
"C:\Users\elric\omega-project\node_modules\zod\src\v4\mini\tests\computed.test.ts","NOT_IN_BASELINE"
"C:\Users\elric\omega-project\node_modules\zod\src\v4\mini\tests\functions.test.ts","NOT_IN_BASELINE"
"C:\Users\elric\omega-project\node_modules\zod\src\v4\mini\tests\number.test.ts","NOT_IN_BASELINE"
"C:\Users\elric\omega-project\node_modules\zod\src\v4\mini\tests\object.test.ts","NOT_IN_BASELINE"
"C:\Users\elric\omega-project\node_modules\zod\src\v4\mini\tests\prototypes.test.ts","NOT_IN_BASELINE"
"C:\Users\elric\omega-project\node_modules\zod\src\v4\mini\tests\recursive-types.test.ts","NOT_IN_BASELINE"
"C:\Users\elric\omega-project\node_modules\zod\src\v4\mini\tests\string.test.ts","NOT_IN_BASELINE"
"C:\Users\elric\omega-project\omega-narrative-genome\tests\invariants\genome_invariants.test.ts","NOT_IN_BASELINE"
"C:\Users\elric\omega-project\omega-nexus\tests\certification\certification.test.ts","NOT_IN_BASELINE"
"C:\Users\elric\omega-project\omega-nexus\tests\core\core.test.ts","NOT_IN_BASELINE"
"C:\Users\elric\omega-project\omega-nexus\tests\observatory\observatory.test.ts","NOT_IN_BASELINE"
"C:\Users\elric\omega-project\omega-phase23\gateway\resilience\tests\adversarial\grammar.test.ts","NOT_IN_BASELINE"
"C:\Users\elric\omega-project\omega-phase23\gateway\resilience\tests\chaos\composition.test.ts","NOT_IN_BASELINE"
"C:\Users\elric\omega-project\omega-phase23\gateway\resilience\tests\chaos\injector.test.ts","NOT_IN_BASELINE"
"C:\Users\elric\omega-project\omega-phase23\gateway\resilience\tests\proof\proof.test.ts","NOT_IN_BASELINE"
"C:\Users\elric\omega-project\omega-phase23\gateway\resilience\tests\temporal\temporal.test.ts","NOT_IN_BASELINE"
"C:\Users\elric\omega-project\omega-v44\test\contract\laws-l1-l6.test.ts","NOT_IN_BASELINE"
"C:\Users\elric\omega-project\omega-v44\test\contract\no-magic-numbers.test.ts","NOT_IN_BASELINE"
"C:\Users\elric\omega-project\omega-v44\test\determinism\core-determinism.test.ts","NOT_IN_BASELINE"
"C:\Users\elric\omega-project\omega-v44\test\performance\core-perf.test.ts","NOT_IN_BASELINE"
"C:\Users\elric\omega-project\omega-v44\test\unit\core-engine.test.ts","NOT_IN_BASELINE"
"C:\Users\elric\omega-project\omega-v44-phase7\phase7_verification\tests\trunk-render.test.ts","NOT_IN_BASELINE"
"C:\Users\elric\omega-project\omega-v44-phase7\proof_pack\tests\trunk-render.test.ts","NOT_IN_BASELINE"
"C:\Users\elric\omega-project\omega-v44-phase7\tests\trunk-render.test.ts","NOT_IN_BASELINE"
"C:\Users\elric\omega-project\OMEGA_PHASE12\config\tests\config.test.ts","NOT_IN_BASELINE"
"C:\Users\elric\omega-project\OMEGA_PHASE12\config\tests\deployment.test.ts","NOT_IN_BASELINE"
"C:\Users\elric\omega-project\OMEGA_PHASE12\config\tests\safe_mode.test.ts","NOT_IN_BASELINE"
"C:\Users\elric\omega-project\OMEGA_PHASE13A\observability\tests\alert_engine.test.ts","NOT_IN_BASELINE"
"C:\Users\elric\omega-project\OMEGA_PHASE13A\observability\tests\audit_trail.test.ts","NOT_IN_BASELINE"
"C:\Users\elric\omega-project\OMEGA_PHASE13A\observability\tests\forensic_logger.test.ts","NOT_IN_BASELINE"
"C:\Users\elric\omega-project\OMEGA_PHASE13A\observability\tests\metrics_collector.test.ts","NOT_IN_BASELINE"
"C:\Users\elric\omega-project\OMEGA_PHASE14\ipc\tests\health_monitor.test.ts","NOT_IN_BASELINE"
"C:\Users\elric\omega-project\OMEGA_PHASE14\ipc\tests\request_tracker.test.ts","NOT_IN_BASELINE"
"C:\Users\elric\omega-project\OMEGA_PHASE14\ipc\tests\worker_manager.test.ts","NOT_IN_BASELINE"
"C:\Users\elric\omega-project\OMEGA_PHASE14\oracle\tests\confidence_calibrator.test.ts","NOT_IN_BASELINE"
"C:\Users\elric\omega-project\OMEGA_PHASE14\oracle\tests\emotion_cache.test.ts","NOT_IN_BASELINE"
"C:\Users\elric\omega-project\OMEGA_PHASE14\oracle\tests\emotion_v2.test.ts","NOT_IN_BASELINE"
"C:\Users\elric\omega-project\OMEGA_PHASE14\oracle\tests\oracle_engine.test.ts","NOT_IN_BASELINE"
"C:\Users\elric\omega-project\OMEGA_PHASE14\oracle\tests\prompt_builder.test.ts","NOT_IN_BASELINE"
"C:\Users\elric\omega-project\OMEGA_PHASE14\oracle\tests\response_parser.test.ts","NOT_IN_BASELINE"
"C:\Users\elric\omega-project\OMEGA_PHASE14\router\tests\anti_flap.test.ts","NOT_IN_BASELINE"
"C:\Users\elric\omega-project\OMEGA_PHASE14\router\tests\circuit_breaker.test.ts","NOT_IN_BASELINE"
"C:\Users\elric\omega-project\OMEGA_PHASE14\router\tests\provider_registry.test.ts","NOT_IN_BASELINE"
"C:\Users\elric\omega-project\OMEGA_PHASE14\router\tests\scoring_engine.test.ts","NOT_IN_BASELINE"
"C:\Users\elric\omega-project\OMEGA_PHASE14\router\tests\smart_router.test.ts","NOT_IN_BASELINE"
"C:\Users\elric\omega-project\OMEGA_PHASE18_MEMORY\tests\integration\memory-foundation.test.ts","NOT_IN_BASELINE"
"C:\Users\elric\omega-project\OMEGA_PHASE18_MEMORY\tests\unit\canon-store.test.ts","NOT_IN_BASELINE"
"C:\Users\elric\omega-project\OMEGA_PHASE18_MEMORY\tests\unit\conflict-resolver.test.ts","NOT_IN_BASELINE"
"C:\Users\elric\omega-project\OMEGA_PHASE18_MEMORY\tests\unit\context-tracker.test.ts","NOT_IN_BASELINE"
"C:\Users\elric\omega-project\OMEGA_PHASE18_MEMORY\tests\unit\intent-lock.test.ts","NOT_IN_BASELINE"
"C:\Users\elric\omega-project\OMEGA_PHASE19_PERSIST\tests\integration\persistence.test.ts","NOT_IN_BASELINE"
"C:\Users\elric\omega-project\OMEGA_PHASE19_PERSIST\tests\unit\node-file-adapter.test.ts","NOT_IN_BASELINE"
"C:\Users\elric\omega-project\OMEGA_PHASE19_PERSIST\tests\unit\sync-engine.test.ts","NOT_IN_BASELINE"
"C:\Users\elric\omega-project\OMEGA_PHASE20_1_MEMORY_HOOK\tests\integration\lifecycle.test.ts","NOT_IN_BASELINE"
"C:\Users\elric\omega-project\OMEGA_PHASE20_1_MEMORY_HOOK\tests\unit\memory-hook.test.ts","NOT_IN_BASELINE"
"C:\Users\elric\omega-project\OMEGA_PHASE20_1_MEMORY_HOOK\tests\unit\shutdown-save.test.ts","NOT_IN_BASELINE"
"C:\Users\elric\omega-project\OMEGA_PHASE20_1_MEMORY_HOOK\tests\unit\startup-load.test.ts","NOT_IN_BASELINE"
"C:\Users\elric\omega-project\OMEGA_PHASE20_INTEGRATION\tests\unit\canon-store.test.ts","NOT_IN_BASELINE"
"C:\Users\elric\omega-project\OMEGA_PHASE20_INTEGRATION\tests\unit\memory-service.test.ts","NOT_IN_BASELINE"
"C:\Users\elric\omega-project\OMEGA_PHASE20_INTEGRATION\tests\unit\persistence-adapter.test.ts","NOT_IN_BASELINE"
"C:\Users\elric\omega-project\OMEGA_PHASE21_QUERY_ENGINE\tests\integration\query-integration.test.ts","NOT_IN_BASELINE"
"C:\Users\elric\omega-project\OMEGA_PHASE21_QUERY_ENGINE\tests\unit\operators.test.ts","NOT_IN_BASELINE"
"C:\Users\elric\omega-project\OMEGA_PHASE21_QUERY_ENGINE\tests\unit\query-engine.test.ts","NOT_IN_BASELINE"
"C:\Users\elric\omega-project\OMEGA_SENTINEL_SUPREME\sentinel\tests\artifact.test.ts","NOT_IN_BASELINE"
"C:\Users\elric\omega-project\OMEGA_SENTINEL_SUPREME\sentinel\tests\axioms.test.ts","NOT_IN_BASELINE"
"C:\Users\elric\omega-project\OMEGA_SENTINEL_SUPREME\sentinel\tests\boundary_ledger.test.ts","NOT_IN_BASELINE"
"C:\Users\elric\omega-project\OMEGA_SENTINEL_SUPREME\sentinel\tests\constants.test.ts","NOT_IN_BASELINE"
"C:\Users\elric\omega-project\OMEGA_SENTINEL_SUPREME\sentinel\tests\crystal.test.ts","NOT_IN_BASELINE"
"C:\Users\elric\omega-project\OMEGA_SENTINEL_SUPREME\sentinel\tests\falsification-runner.test.ts","NOT_IN_BASELINE"
"C:\Users\elric\omega-project\OMEGA_SENTINEL_SUPREME\sentinel\tests\falsification.test.ts","NOT_IN_BASELINE"
"C:\Users\elric\omega-project\OMEGA_SENTINEL_SUPREME\sentinel\tests\gravity.test.ts","NOT_IN_BASELINE"
"C:\Users\elric\omega-project\OMEGA_SENTINEL_SUPREME\sentinel\tests\inventory.test.ts","NOT_IN_BASELINE"
"C:\Users\elric\omega-project\OMEGA_SENTINEL_SUPREME\sentinel\tests\negative.test.ts","NOT_IN_BASELINE"
"C:\Users\elric\omega-project\OMEGA_SENTINEL_SUPREME\sentinel\tests\proof_strength.test.ts","NOT_IN_BASELINE"
"C:\Users\elric\omega-project\OMEGA_SENTINEL_SUPREME\sentinel\tests\refusal.test.ts","NOT_IN_BASELINE"
"C:\Users\elric\omega-project\OMEGA_SENTINEL_SUPREME\sentinel\tests\regions.test.ts","NOT_IN_BASELINE"
"C:\Users\elric\omega-project\OMEGA_SENTINEL_SUPREME\sentinel\tests\seal.test.ts","NOT_IN_BASELINE"
"C:\Users\elric\omega-project\OMEGA_SPRINT15\src\nexus\tests\chronicle.test.ts","NOT_IN_BASELINE"
"C:\Users\elric\omega-project\OMEGA_SPRINT15\src\nexus\tests\executor.test.ts","NOT_IN_BASELINE"
"C:\Users\elric\omega-project\OMEGA_SPRINT15\src\nexus\tests\nexus.test.ts","NOT_IN_BASELINE"
"C:\Users\elric\omega-project\OMEGA_SPRINT15\src\nexus\tests\router.test.ts","NOT_IN_BASELINE"
"C:\Users\elric\omega-project\packages\canon-kernel\tests\canonicalize.test.ts","NOT_IN_BASELINE"
"C:\Users\elric\omega-project\packages\canon-kernel\tests\chain.test.ts","NOT_IN_BASELINE"
"C:\Users\elric\omega-project\packages\canon-kernel\tests\id.test.ts","NOT_IN_BASELINE"
"C:\Users\elric\omega-project\packages\canon-kernel\tests\txview.test.ts","NOT_IN_BASELINE"
"C:\Users\elric\omega-project\packages\contracts-canon\test\unit\modules.test.ts","NOT_IN_BASELINE"
"C:\Users\elric\omega-project\packages\decision-engine\tests\classifier\performance.test.ts","NOT_IN_BASELINE"
"C:\Users\elric\omega-project\packages\decision-engine\tests\classifier\rules.test.ts","NOT_IN_BASELINE"
"C:\Users\elric\omega-project\packages\decision-engine\tests\incident\incident-log.test.ts","NOT_IN_BASELINE"
"C:\Users\elric\omega-project\packages\decision-engine\tests\integration\e2e-flow.test.ts","NOT_IN_BASELINE"
"C:\Users\elric\omega-project\packages\decision-engine\tests\integration\regression.test.ts","NOT_IN_BASELINE"
"C:\Users\elric\omega-project\packages\decision-engine\tests\queue\escalation-queue.test.ts","NOT_IN_BASELINE"
"C:\Users\elric\omega-project\packages\decision-engine\tests\queue\priority.test.ts","NOT_IN_BASELINE"
"C:\Users\elric\omega-project\packages\decision-engine\tests\review\commands.test.ts","NOT_IN_BASELINE"
"C:\Users\elric\omega-project\packages\decision-engine\tests\review\review-interface.test.ts","NOT_IN_BASELINE"
"C:\Users\elric\omega-project\packages\decision-engine\tests\sentinel\performance.test.ts","NOT_IN_BASELINE"
"C:\Users\elric\omega-project\packages\decision-engine\tests\trace\decision-trace.test.ts","NOT_IN_BASELINE"
"C:\Users\elric\omega-project\packages\decision-engine\tests\trace\formatter.test.ts","NOT_IN_BASELINE"
"C:\Users\elric\omega-project\packages\emotion-gate\tests\integration\emotion-gate-integration.test.ts","NOT_IN_BASELINE"
"C:\Users\elric\omega-project\packages\emotion-gate\tests\unit\drift-metrics.test.ts","NOT_IN_BASELINE"
"C:\Users\elric\omega-project\packages\emotion-gate\tests\unit\emotion-gate.test.ts","NOT_IN_BASELINE"
"C:\Users\elric\omega-project\packages\emotion-gate\tests\unit\policy.test.ts","NOT_IN_BASELINE"
"C:\Users\elric\omega-project\packages\emotion-gate\tests\unit\proof.test.ts","NOT_IN_BASELINE"
"C:\Users\elric\omega-project\packages\emotion-gate\tests\unit\ssot-compliance.test.ts","NOT_IN_BASELINE"
"C:\Users\elric\omega-project\packages\emotion-gate\tests\unit\stability-metrics.test.ts","NOT_IN_BASELINE"
"C:\Users\elric\omega-project\packages\emotion-gate\tests\unit\toxicity-metrics.test.ts","NOT_IN_BASELINE"
"C:\Users\elric\omega-project\packages\emotion-gate\tests\unit\validators.test.ts","NOT_IN_BASELINE"
"C:\Users\elric\omega-project\packages\genome\test\integration\myceliumAdapter.test.ts","NOT_IN_BASELINE"
"C:\Users\elric\omega-project\packages\genome\test\invariants\genome.test.ts","NOT_IN_BASELINE"
"C:\Users\elric\omega-project\packages\genome\test\invariants\performance.test.ts","NOT_IN_BASELINE"
"C:\Users\elric\omega-project\packages\gold-cli\test\unit\output.test.ts","NOT_IN_BASELINE"
"C:\Users\elric\omega-project\packages\gold-internal\test\unit\certification.test.ts","NOT_IN_BASELINE"
"C:\Users\elric\omega-project\packages\gold-internal\test\unit\integrations.test.ts","NOT_IN_BASELINE"
"C:\Users\elric\omega-project\packages\gold-internal\test\unit\validator-error-paths.test.ts","NOT_IN_BASELINE"
"C:\Users\elric\omega-project\packages\gold-master\test\certifier.test.ts","NOT_IN_BASELINE"
"C:\Users\elric\omega-project\packages\gold-suite\test\unit\aggregator.test.ts","NOT_IN_BASELINE"
"C:\Users\elric\omega-project\packages\hardening\test\unit\json-error-paths.test.ts","NOT_IN_BASELINE"
"C:\Users\elric\omega-project\packages\hardening\test\unit\json.test.ts","NOT_IN_BASELINE"
"C:\Users\elric\omega-project\packages\hardening\test\unit\sanitize.test.ts","NOT_IN_BASELINE"
"C:\Users\elric\omega-project\packages\hardening\test\unit\tamper.test.ts","NOT_IN_BASELINE"
"C:\Users\elric\omega-project\packages\hardening\test\unit\validate.test.ts","NOT_IN_BASELINE"
"C:\Users\elric\omega-project\packages\headless-runner\test\integration\headless.test.ts","NOT_IN_BASELINE"
"C:\Users\elric\omega-project\packages\headless-runner\test\unit\output.test.ts","NOT_IN_BASELINE"
"C:\Users\elric\omega-project\packages\integration-nexus-dep\test\adapters.test.ts","NOT_IN_BASELINE"
"C:\Users\elric\omega-project\packages\integration-nexus-dep\test\connectors.test.ts","NOT_IN_BASELINE"
"C:\Users\elric\omega-project\packages\integration-nexus-dep\test\contracts.test.ts","NOT_IN_BASELINE"
"C:\Users\elric\omega-project\packages\integration-nexus-dep\test\performance.test.ts","NOT_IN_BASELINE"
"C:\Users\elric\omega-project\packages\integration-nexus-dep\test\pipeline-error-paths.test.ts","NOT_IN_BASELINE"
"C:\Users\elric\omega-project\packages\integration-nexus-dep\test\red-team.test.ts","NOT_IN_BASELINE"
"C:\Users\elric\omega-project\packages\integration-nexus-dep\test\router.test.ts","NOT_IN_BASELINE"
"C:\Users\elric\omega-project\packages\integration-nexus-dep\test\scheduler.test.ts","NOT_IN_BASELINE"
"C:\Users\elric\omega-project\packages\integration-nexus-dep\test\translators.test.ts","NOT_IN_BASELINE"
"C:\Users\elric\omega-project\packages\mycelium\test\invariants\cat-a.test.ts","NOT_IN_BASELINE"
"C:\Users\elric\omega-project\packages\mycelium\test\invariants\cat-b.test.ts","NOT_IN_BASELINE"
"C:\Users\elric\omega-project\packages\mycelium\test\invariants\cat-c.test.ts","NOT_IN_BASELINE"
"C:\Users\elric\omega-project\packages\mycelium\test\invariants\cat-d.test.ts","NOT_IN_BASELINE"
"C:\Users\elric\omega-project\packages\mycelium\test\invariants\cat-e.test.ts","NOT_IN_BASELINE"
"C:\Users\elric\omega-project\packages\mycelium\test\invariants\cat-f.test.ts","NOT_IN_BASELINE"
"C:\Users\elric\omega-project\packages\mycelium\test\invariants\cat-g.test.ts","NOT_IN_BASELINE"
"C:\Users\elric\omega-project\packages\mycelium\test\invariants\cat-h.test.ts","NOT_IN_BASELINE"
"C:\Users\elric\omega-project\packages\oracle\test\cache.test.ts","NOT_IN_BASELINE"
"C:\Users\elric\omega-project\packages\oracle\test\context.test.ts","NOT_IN_BASELINE"
"C:\Users\elric\omega-project\packages\oracle\test\prompts.test.ts","NOT_IN_BASELINE"
"C:\Users\elric\omega-project\packages\oracle\test\streaming.test.ts","NOT_IN_BASELINE"
"C:\Users\elric\omega-project\packages\orchestrator-core\test\integration\determinism-double-run.test.ts","NOT_IN_BASELINE"
"C:\Users\elric\omega-project\packages\orchestrator-core\test\integration\error-handling.test.ts","NOT_IN_BASELINE"
"C:\Users\elric\omega-project\packages\orchestrator-core\test\integration\execute-plan.test.ts","NOT_IN_BASELINE"
"C:\Users\elric\omega-project\packages\orchestrator-core\test\unit\ArtifactRegistry.test.ts","NOT_IN_BASELINE"
"C:\Users\elric\omega-project\packages\orchestrator-core\test\unit\DeterminismGuard.test.ts","NOT_IN_BASELINE"
"C:\Users\elric\omega-project\packages\orchestrator-core\test\unit\Executor.test.ts","NOT_IN_BASELINE"
"C:\Users\elric\omega-project\packages\orchestrator-core\test\unit\Plan.test.ts","NOT_IN_BASELINE"
"C:\Users\elric\omega-project\packages\orchestrator-core\test\unit\RunContext.test.ts","NOT_IN_BASELINE"
"C:\Users\elric\omega-project\packages\orchestrator-core\test\unit\stableJson.test.ts","NOT_IN_BASELINE"
"C:\Users\elric\omega-project\packages\performance\test\unit\cache-error-paths.test.ts","NOT_IN_BASELINE"
"C:\Users\elric\omega-project\packages\performance\test\unit\cache.test.ts","NOT_IN_BASELINE"
"C:\Users\elric\omega-project\packages\performance\test\unit\pool.test.ts","NOT_IN_BASELINE"
"C:\Users\elric\omega-project\packages\performance\test\unit\stats.test.ts","NOT_IN_BASELINE"
"C:\Users\elric\omega-project\packages\performance\test\unit\timer.test.ts","NOT_IN_BASELINE"
"C:\Users\elric\omega-project\packages\proof-pack\test\unit\serializer.test.ts","NOT_IN_BASELINE"
"C:\Users\elric\omega-project\packages\search\test\analytics.test.ts","NOT_IN_BASELINE"
"C:\Users\elric\omega-project\packages\search\test\error-paths.test.ts","NOT_IN_BASELINE"
"C:\Users\elric\omega-project\packages\search\test\filters.test.ts","NOT_IN_BASELINE"
"C:\Users\elric\omega-project\packages\search\test\import.test.ts","NOT_IN_BASELINE"
"C:\Users\elric\omega-project\packages\search\test\index-manager.test.ts","NOT_IN_BASELINE"
"C:\Users\elric\omega-project\packages\search\test\query-parser.test.ts","NOT_IN_BASELINE"
"C:\Users\elric\omega-project\packages\search\test\suggest.test.ts","NOT_IN_BASELINE"
"C:\Users\elric\omega-project\packages\sentinel-judge\tests\assembler.test.ts","NOT_IN_BASELINE"
"C:\Users\elric\omega-project\packages\sentinel-judge\tests\canonical_json.test.ts","NOT_IN_BASELINE"
"C:\Users\elric\omega-project\packages\sentinel-judge\tests\digest.test.ts","NOT_IN_BASELINE"
"C:\Users\elric\omega-project\packages\sentinel-judge\tests\schema_validation.test.ts","NOT_IN_BASELINE"
"C:\Users\elric\omega-project\packages\sentinel-judge\tests\types_alignment.test.ts","NOT_IN_BASELINE"
"C:\Users\elric\omega-project\packages\truth-gate\tests\drift-detector.test.ts","NOT_IN_BASELINE"
"C:\Users\elric\omega-project\packages\truth-gate\tests\narrative-analyzer.test.ts","NOT_IN_BASELINE"
"C:\Users\elric\omega-project\packages\truth-gate\tests\policy-manager.test.ts","NOT_IN_BASELINE"
"C:\Users\elric\omega-project\packages\truth-gate\tests\toxicity-detector.test.ts","NOT_IN_BASELINE"
"C:\Users\elric\omega-project\packages\truth-gate\tests\validators.test.ts","NOT_IN_BASELINE"
"C:\Users\elric\omega-project\packages\truth-gate\tests\verdict-factory.test.ts","NOT_IN_BASELINE"
"C:\Users\elric\omega-project\packages\truth-gate\tests\verdict-ledger.test.ts","NOT_IN_BASELINE"
"C:\Users\elric\omega-project\sprint28_5\OMEGA_SENTINEL_SUPREME\sentinel\tests\artifact.test.ts","NOT_IN_BASELINE"
"C:\Users\elric\omega-project\sprint28_5\OMEGA_SENTINEL_SUPREME\sentinel\tests\axioms.test.ts","NOT_IN_BASELINE"
"C:\Users\elric\omega-project\sprint28_5\OMEGA_SENTINEL_SUPREME\sentinel\tests\boundary_ledger.test.ts","NOT_IN_BASELINE"
"C:\Users\elric\omega-project\sprint28_5\OMEGA_SENTINEL_SUPREME\sentinel\tests\constants.test.ts","NOT_IN_BASELINE"
"C:\Users\elric\omega-project\sprint28_5\OMEGA_SENTINEL_SUPREME\sentinel\tests\crystal.test.ts","NOT_IN_BASELINE"
"C:\Users\elric\omega-project\sprint28_5\OMEGA_SENTINEL_SUPREME\sentinel\tests\falsification-runner.test.ts","NOT_IN_BASELINE"
"C:\Users\elric\omega-project\sprint28_5\OMEGA_SENTINEL_SUPREME\sentinel\tests\falsification.test.ts","NOT_IN_BASELINE"
"C:\Users\elric\omega-project\sprint28_5\OMEGA_SENTINEL_SUPREME\sentinel\tests\genome-attacks.test.ts","NOT_IN_BASELINE"
"C:\Users\elric\omega-project\sprint28_5\OMEGA_SENTINEL_SUPREME\sentinel\tests\gravity.test.ts","NOT_IN_BASELINE"
"C:\Users\elric\omega-project\sprint28_5\OMEGA_SENTINEL_SUPREME\sentinel\tests\inventory.test.ts","NOT_IN_BASELINE"
"C:\Users\elric\omega-project\sprint28_5\OMEGA_SENTINEL_SUPREME\sentinel\tests\negative.test.ts","NOT_IN_BASELINE"
"C:\Users\elric\omega-project\sprint28_5\OMEGA_SENTINEL_SUPREME\sentinel\tests\proof_strength.test.ts","NOT_IN_BASELINE"
"C:\Users\elric\omega-project\sprint28_5\OMEGA_SENTINEL_SUPREME\sentinel\tests\refusal.test.ts","NOT_IN_BASELINE"
"C:\Users\elric\omega-project\sprint28_5\OMEGA_SENTINEL_SUPREME\sentinel\tests\regions.test.ts","NOT_IN_BASELINE"
"C:\Users\elric\omega-project\sprint28_5\OMEGA_SENTINEL_SUPREME\sentinel\tests\seal.test.ts","NOT_IN_BASELINE"
